,filtered,samples,coefficient,significance,RMSE,actualMean,actualStDev,predMean,predStDev
0,False,141296,0.07620593693267702,5.576166189250125e-181,1.5868474597650424,0.5211329407768089,1.2746241156800209,0.4364863336086273,1.0435420274734497
1,True,8870,0.9504809081207668,0.0,0.780558789057436,1.8155580608793687,1.896601511349224,1.4359462261199951,1.4595544338226318
