,filtered,samples,coefficient,significance,RMSE,actualMean,actualStDev,predMean,predStDev
0,False,157102,0.07563779621696011,4.97026358092844e-198,1.5115359409162459,0.510560018332039,1.2575243130065596,0.38719499111175537,0.9301023483276367
1,True,9678,0.9500554342921727,0.0,0.9136679525767398,1.7937590411241993,1.882812457237945,1.2904274463653564,1.302788496017456
