,filtered,samples,coefficient,significance,RMSE,actualMean,actualStDev,predMean,predStDev
0,False,157102,0.07635391023656812,9.071131515936337e-202,1.5146304496161123,0.510560018332039,1.2575243130065596,0.38987821340560913,0.9370835423469543
1,True,9678,0.9543329535334846,0.0,0.8910108421541963,1.7937590411241993,1.882812457237945,1.2997757196426392,1.3136156797409058
