,filtered,samples,coefficient,RMSE,actualMean,actualStDev,predMean,predStDev
0,False,154818,0.07841358577717225,1.5137166861374953,0.5072407601183325,1.2551033497403894,0.39590251445770264,0.9430137872695923
1,True,9698,0.9541856763127601,0.890292719788318,1.7923283151165188,1.8818950824981433,1.2994780540466309,1.313341736793518
