,filtered,samples,coefficient,significance,RMSE,actualMean,actualStDev,predMean,predStDev
0,False,141296,0.07612655209255552,1.3182006424666717e-180,1.5567283714242932,0.5211329407768089,1.2746241156800209,0.41371190547943115,0.9895643591880798
1,True,8870,0.9511354385522115,0.0,0.8530344224222435,1.8155580608793687,1.896601511349224,1.3599642515182495,1.383033275604248
