,filtered,samples,coefficient,significance,RMSE,actualMean,actualStDev,predMean,predStDev
0,False,157102,0.07588556292293892,2.551832170283043e-199,1.5161187590634697,0.510560018332039,1.2575243130065596,0.38912636041641235,0.9389971494674683
1,True,9678,0.9464917981933051,0.0,0.9105396482706138,1.7937590411241993,1.882812457237945,1.2972403764724731,1.3201898336410522
