,filtered,samples,coefficient,significance,RMSE,actualMean,actualStDev,predMean,predStDev
0,False,157102,0.0763425810509581,1.0401266348763434e-201,1.5857331444507454,0.510560018332039,1.2575243130065596,0.4455799460411072,1.0645976066589355
1,True,9678,0.950478375482415,0.0,0.7212073874420292,1.7937590411241993,1.882812457237945,1.4931144714355469,1.4940391778945923
