,filtered,samples,coefficient,RMSE,actualMean,actualStDev,predMean,predStDev
0,False,88425,0.07296993710404015,1.4618936177262398,0.3869946282160023,1.1824608537266539,0.3949408531188965,0.9501712918281555
1,True,3918,0.9852801357948507,0.9819731557639131,2.0,2.0,1.3249343633651733,1.3447285890579224
