,filtered,samples,coefficient,significance,RMSE,actualMean,actualStDev,predMean,predStDev
0,False,157102,0.0753657327365258,1.2807339878211146e-196,1.6182076614764307,0.510560018332039,1.2575243130065596,0.4641682803630829,1.1165660619735718
1,True,9678,0.9367595069537172,0.0,0.7261841591391583,1.7937590411241993,1.882812457237945,1.5550390481948853,1.5735821723937988
