,filtered,samples,coefficient,significance,RMSE,actualMean,actualStDev,predMean,predStDev
0,False,157102,0.07589993155444132,2.1475263501682e-199,1.5407004294518467,0.510560018332039,1.2575243130065596,0.40873807668685913,0.9849022626876831
1,True,9678,0.9470471296577276,0.0,0.8425803082588023,1.7937590411241993,1.882812457237945,1.3634940385818481,1.3839632272720337
