,filtered,samples,coefficient,significance,RMSE,actualMean,actualStDev,predMean,predStDev
0,False,59879,0.08796048589576641,3.79187874829747e-103,1.8584056798608333,0.6653751732660866,1.332096308432065,0.5870816111564636,1.415936827659607
1,True,4982,0.9291809773782382,0.0,0.8118636281480439,1.6716178241670012,1.7987219893383157,2.0009374618530273,2.0009469985961914
