,filtered,samples,coefficient,RMSE,actualMean,actualStDev,predMean,predStDev
0,False,57683,0.09107578573367232,1.8684651419102134,0.6635923929060555,1.3298927963778528,0.6100336313247681,1.43806791305542
1,True,5002,0.9289295475273927,0.8131811334565388,1.6693322670931627,1.7970318262625675,1.9998928308486938,1.9998997449874878
