,filtered,samples,coefficient,significance,RMSE,actualMean,actualStDev,predMean,predStDev
0,False,89901,0.32727620538582336,0.0,1.4222309956616954,0.8602203302579088,1.019290035048645,0.6137534379959106,1.3506070375442505
1,True,26156,0.8528201706661012,0.0,1.3127194865553575,0.9473670933935133,1.1062421728597533,1.765560507774353,1.7919963598251343
