,filtered,samples,coefficient,significance,RMSE,actualMean,actualStDev,predMean,predStDev
0,False,59879,0.08798173407774162,3.386593422735014e-103,1.8578916628683881,0.6653751732660866,1.332096308432065,0.5867833495140076,1.415213942527771
1,True,4982,0.9293217343572266,0.0,0.8104075629086739,1.6716178241670012,1.7987219893383157,1.9999109506607056,1.9999223947525024
