,filtered,samples,coefficient,RMSE,actualMean,actualStDev,predMean,predStDev
0,False,89901,0.27938201737104923,1.4134523880270013,0.8602203302579088,1.019290035048645,0.44871819019317627,1.2178609371185303
1,True,20030,0.7985271504031289,1.4211145321404115,0.9482077024910549,1.1077057051478756,1.72169029712677,1.8728033304214478
