,filtered,overallWorkloadState,samples,coefficient,significance,RMSE,actualMean,actualStDev,actualMedian,actualMin,actualMax,predMean,predStDev,predMedian,predMin,predMax
0,False,ol,26199,0.21794284316873047,3.3312749205076994e-279,1.9051234506709882,1.7294095452439648,0.9954907898602496,1.8666666746139529,0.0,3.3333332538604736,1.119301438331604,1.7379246950149536,0.0,0.0,4.252220630645752
1,False,nl,35711,0.2850589004886875,0.0,1.4404112190305032,0.8278439099777617,0.8860525720971171,0.6666666865348816,0.0,3.3333332538604736,0.6207695603370667,1.3973963260650635,0.0,0.0,4.149231433868408
2,False,ul,23618,0.2002100263780392,4.1985781880441287e-212,0.7830362834222229,0.10427357801057582,0.3467781287426833,0.0,0.0,2.0,0.17374823987483978,0.7714856863021851,0.0,0.0,4.123764991760254
3,False,all,85528,0.3433056526787932,0.0,1.4654018800440367,0.9042029266499423,1.0258187175842226,0.4666666686534882,0.0,3.3333332538604736,0.6500381231307983,1.4266562461853027,0.0,0.0,4.252220630645752
4,True,ol,10349,0.8254561228511177,0.0,1.5592998077394737,1.5459915830063777,1.1457539183231107,1.7333333492279053,0.0,3.3333332538604736,2.7344810962677,1.7207772731781006,3.791792631149292,0.0,4.252220630645752
5,True,nl,19058,0.8673071442802929,0.0,1.1782478250859185,0.43518033357698155,0.8240105989779758,0.0,0.0,3.3333332538604736,1.0001417398452759,1.6637996435165405,0.0,0.0,4.149231433868408
6,True,ul,20879,0.8690731582503372,0.0,0.4019192763800495,0.023286556106979085,0.16988217564902575,0.0,0.0,2.0,0.08206566423177719,0.5362552404403687,0.0,0.0,4.123764991760254
7,True,all,50286,0.8933346540653583,0.0,1.045756538016407,0.4927680407031924,0.9276585361398828,0.0,0.0,3.3333332538604736,0.9758837819099426,1.6572110652923584,0.0,0.0,4.252220630645752
