,windowSize,participant,filtered,samples,coefficient,significance,RMSE,actualMean,actualStDev,predMean,predStDev
0,60.0,all,True,1061.9333333333334,0.9136220968864386,9.037856723699555e-14,0.5368132236125435,1.0297094358183263,1.1380820606024167,1.0388813285992062,1.061264839665643
1,60.0,all,False,3082.3333333333335,0.5228279519805706,0.024738506391627307,1.0053192857171038,0.8650839479521494,1.0058956784398927,0.46057721581310035,0.7169972201188405
