,filtered,samples,coefficient,significance,RMSE,actualMean,actualStDev,predMean,predStDev
0,False,91350,0.3250485220914767,0.0,1.485013294102508,0.8689319605865176,1.0217268974446543,0.6540778279304504,1.4391220808029175
1,True,26592,0.8540894997815135,0.0,1.4678517216602405,0.9465754248591859,1.1060949982149084,1.8904701471328735,1.910452961921692
