,filtered,samples,coefficient,significance,RMSE,actualMean,actualStDev,predMean,predStDev
0,False,91350,0.3253862521838827,0.0,1.4703540349666724,0.8689319605865176,1.0217268974446543,0.6457182765007019,1.4181435108184814
1,True,26592,0.8548522500150113,0.0,1.4332136697036335,0.9465754248591859,1.1060949982149084,1.8672192096710205,1.8821003437042236
