,filtered,samples,coefficient,significance,RMSE,actualMean,actualStDev,predMean,predStDev
0,False,59879,0.08800129027915879,3.051899307758665e-103,1.857794965557342,0.6653751732660866,1.332096308432065,0.5867379307746887,1.4151012897491455
1,True,4982,0.9293145481071152,0.0,0.8104266370866406,1.6716178241670012,1.7987219893383157,1.9998998641967773,1.9999016523361206
