,filtered,samples,coefficient,significance,RMSE,actualMean,actualStDev,predMean,predStDev
0,False,59879,0.08799876788753203,3.093141743955027e-103,1.8581008263342094,0.6653751732660866,1.332096308432065,0.5869224071502686,1.4155466556549072
1,True,4982,0.9293240873826856,0.0,0.8108719745067064,1.6716178241670012,1.7987219893383157,2.000500202178955,2.000504493713379
