,filtered,samples,coefficient,significance,RMSE,actualMean,actualStDev,predMean,predStDev
0,False,59879,0.08799259121712169,3.196497068829967e-103,1.8574861822477344,0.6653751732660866,1.332096308432065,0.5865442156791687,1.4146347045898438
1,True,4982,0.9294226819537509,0.0,0.8092701085742594,1.6716178241670012,1.7987219893383157,1.999061107635498,1.9990700483322144
