,filtered,samples,coefficient,significance,RMSE,actualMean,actualStDev,predMean,predStDev
0,False,59879,0.08800744315205425,2.9535837464190354e-103,1.8575952045179587,0.6653751732660866,1.332096308432065,0.5866192579269409,1.4148170948028564
1,True,4982,0.9293030371549169,0.0,0.8101947274406158,1.6716178241670012,1.7987219893383157,1.9995464086532593,1.9995564222335815
