,filtered,overallWorkloadState,samples,coefficient,significance,RMSE,actualMean,actualStDev,actualMedian,actualMin,actualMax,predMean,predStDev,predMedian,predMin,predMax
0,False,ol,18901,0.008251112611264091,0.2566625501418737,2.4925816418028597,1.003968044018835,1.7343357064491103,0.0,0.0,4.0,1.1298027038574219,1.8002032041549683,0.0,0.0,4.1563801765441895
1,False,nl,14931,0.04604043319444175,1.819861556807654e-08,1.8175812817677501,0.5065970129261268,1.330318577709427,0.0,0.0,4.0,0.48122647404670715,1.3009910583496094,0.0,0.0,4.057611465454102
2,False,ul,26034,0.14390539258512272,1.7547025752161656e-120,1.2370729545680421,0.5109472228624107,0.8722541952745263,0.0,0.0,2.0,0.2528451979160309,0.9732609391212463,0.0,0.0,4.258680820465088
3,False,all,59866,0.08796202895599528,3.9560653969186817e-103,1.857690546922907,0.6655196605752848,1.3322048442930905,0.0,0.0,4.0,0.5866795778274536,1.4147814512252808,0.0,0.0,4.258680820465088
4,True,ol,2000,0.9999995655091594,0.0,0.002291734761854765,2.742,1.8572657321988149,4.0,0.0,4.0,2.740756034851074,1.8564238548278809,3.997504711151123,0.0,4.016160011291504
5,True,nl,1025,0.9999998343335172,0.0,0.0014557997447901898,1.1785365853658536,1.823512505692683,0.0,0.0,4.0,1.1779887676239014,1.8226650953292847,0.0,0.0,4.011277198791504
6,True,ul,1957,0.9999900494312872,0.0,1.2929925847278974,0.8359734287174246,0.9864559209175452,0.0,0.0,2.0,1.6718982458114624,1.9728739261627197,0.0,0.0,4.258680820465088
7,True,all,4982,0.9292280182678906,0.0,0.8103831956482167,1.6716178241670012,1.7987219893383157,1.0,0.0,4.0,1.9993687868118286,1.9993767738342285,1.9798460006713867,0.0,4.258680820465088
