,filtered,samples,coefficient,significance,RMSE,actualMean,actualStDev,predMean,predStDev
0,False,91350,0.3254509724924235,0.0,1.4594069475976315,0.8689319605865176,1.0217268974446543,0.6374889612197876,1.4016093015670776
1,True,26592,0.8538428395342534,0.0,1.4066538500247658,0.9465754248591859,1.1060949982149084,1.843903660774231,1.8620266914367676
