,filtered,samples,coefficient,RMSE,actualMean,actualStDev,predMean,predStDev
0,False,66393,0.0858517307092318,1.876523436452915,0.6673896344494148,1.328988250727369,0.6150151491165161,1.4427814483642578
1,True,5780,0.9259024348339031,0.8346346411668493,1.6515570934256056,1.783732526952738,1.9998202323913574,1.9998209476470947
