,filtered,samples,coefficient,significance,RMSE,actualMean,actualStDev,predMean,predStDev
0,False,59879,0.08798750990201455,3.284101998637408e-103,1.858032605487129,0.6653751732660866,1.332096308432065,0.5868737697601318,1.4154295921325684
1,True,4982,0.9292820619402651,0.0,0.8108989515000791,1.6716178241670012,1.7987219893383157,2.0003042221069336,2.000307083129883
