,filtered,samples,coefficient,significance,RMSE,actualMean,actualStDev,predMean,predStDev
0,False,59879,0.08799105291438711,3.222769323732763e-103,1.8575557930673379,0.6653751732660866,1.332096308432065,0.5865854024887085,1.4147347211837769
1,True,4982,0.9293258952935984,0.0,0.8098898807117632,1.6716178241670012,1.7987219893383157,1.9992953538894653,1.999305009841919
