,filtered,samples,coefficient,significance,RMSE,actualMean,actualStDev,predMean,predStDev
0,False,59879,0.08798573703584878,3.3152277017535224e-103,1.8577634807296222,0.6653751732660866,1.332096308432065,0.5867089629173279,1.4150317907333374
1,True,4982,0.9292823121548321,0.0,0.8104327362768292,1.6716178241670012,1.7987219893383157,1.9997308254241943,1.9997327327728271
