,filtered,samples,coefficient,significance,RMSE,actualMean,actualStDev,predMean,predStDev
0,False,89901,0.3139667249685084,0.0,1.4497123788004982,0.8602203302579088,1.019290035048645,0.5627607703208923,1.3576388359069824
1,True,26156,0.7699747073664616,0.0,1.427435887907297,0.9473670933935133,1.1062421728597533,1.6433343887329102,1.878889799118042
