,filtered,samples,coefficient,RMSE,actualMean,actualStDev,predMean,predStDev
0,False,57683,0.09110299583268713,1.86834263309769,0.6635923929060555,1.3298927963778528,0.609976053237915,1.4379310607910156
1,True,5002,0.9289164111218939,0.8132432426888182,1.6693322670931627,1.7970318262625675,1.999900460243225,1.9999021291732788
