,windowSize,participant,filtered,samples,coefficient,significance,RMSE,actualMean,actualStDev,predMean,predStDev
0,60.0,all,True,1082.0,0.9103564107718062,1.0209138470791606e-13,0.5544777061704246,1.0303084256690862,1.1383995412807395,1.0390222976947654,1.058057423295646
1,60.0,all,False,3150.0,0.5099408929936593,0.030312966457034272,1.0288944844809462,0.8782652697909287,1.0073769072401397,0.4560756218309204,0.71143413434426
