,filtered,samples,coefficient,significance,RMSE,actualMean,actualStDev,predMean,predStDev
0,False,91350,0.3259452491307553,0.0,1.4667888490768919,0.8689319605865176,1.0217268974446543,0.6429230570793152,1.4134762287139893
1,True,26592,0.8544058913301759,0.0,1.4270567752148353,0.9465754248591859,1.1060949982149084,1.8603756427764893,1.878403663635254
