,filtered,samples,coefficient,RMSE,actualMean,actualStDev,predMean,predStDev
0,False,57683,0.09108696639527236,1.8683104458170217,0.6635923929060555,1.3298927963778528,0.6099461913108826,1.4378610849380493
1,True,5002,0.9288841882538909,0.8132482013013057,1.6693322670931627,1.7970318262625675,1.9997313022613525,1.9997330904006958
