,windowSize,participant,filtered,samples,coefficient,significance,RMSE,actualMean,actualStDev,predMean,predStDev
0,60.0,all,True,1082.0,0.9056560041576501,1.0811501413523195e-13,0.5607229544297805,1.0303084256690862,1.1383995412807395,1.026915328256015,1.0567495925673123
1,60.0,all,False,3150.0,0.5062267755456952,0.031014717303399157,1.0296679815357423,0.8782652697909287,1.0073769072401397,0.4497186554595828,0.7150058324138323
