,filtered,samples,coefficient,RMSE,actualMean,actualStDev,predMean,predStDev
0,False,57683,0.0910826655547998,1.868188469744637,0.6635923929060555,1.3298927963778528,0.6098657846450806,1.4376784563064575
1,True,5002,0.9290442069107612,0.8121657140862527,1.6693322670931627,1.7970318262625675,1.9992430210113525,1.999298095703125
