,filtered,samples,coefficient,significance,RMSE,actualMean,actualStDev,predMean,predStDev
0,False,89901,0.3272082277166128,0.0,1.4674866529050472,0.8602203302579088,1.019290035048645,0.644377589225769,1.4194356203079224
1,True,26156,0.8517243033168789,0.0,1.4305806425369063,0.9473670933935133,1.1062421728597533,1.854516863822937,1.88435697555542
