,filtered,samples,coefficient,significance,RMSE,actualMean,actualStDev,predMean,predStDev
0,False,59879,0.08798236901057466,3.3751722348094767e-103,1.857730865661934,0.6653751732660866,1.332096308432065,0.5866860747337341,1.4149788618087769
1,True,4982,0.9293293988840576,0.0,0.8101016673051834,1.6716178241670012,1.7987219893383157,1.9995731115341187,1.9995888471603394
