,filtered,samples,coefficient,RMSE,actualMean,actualStDev,predMean,predStDev
0,False,74328,0.33617653847522044,1.4090025288270025,0.8932084956686226,1.0225979941609844,0.5138109922409058,1.2997124195098877
1,True,20104,0.8041731637414761,1.4297061169249845,0.9546856488206065,1.1108572379094652,1.7402961254119873,1.8887587785720825
