,filtered,samples,coefficient,significance,RMSE,actualMean,actualStDev,predMean,predStDev
0,False,89901,0.32757890999423006,0.0,1.4190114527014874,0.8602203302579088,1.019290035048645,0.6124377250671387,1.3461889028549194
1,True,26156,0.8535473753594903,0.0,1.3055528423643836,0.9473670933935133,1.1062421728597533,1.7629092931747437,1.7851568460464478
