,filtered,samples,coefficient,significance,RMSE,actualMean,actualStDev,predMean,predStDev
0,False,59879,0.08800193212128785,3.0414927202628865e-103,1.8578788116619844,0.6653751732660866,1.332096308432065,0.5867887139320374,1.4152253866195679
1,True,4982,0.9294927660045966,0.0,0.8096241043069062,1.6716178241670012,1.7987219893383157,1.9998843669891357,1.999889850616455
