,windowSize,participant,filtered,samples,coefficient,significance,RMSE,actualMean,actualStDev,predMean,predStDev
0,60.0,all,True,1061.9333333333334,0.9088318500009561,2.4181824255042743e-13,0.5348791617177494,1.0297094358183263,1.1380820606024167,1.0244269021626176,1.0481356423476647
1,60.0,all,False,3082.3333333333335,0.5206620561258719,0.023868211971152048,1.0094911617934788,0.8650839479521494,1.0058956784398927,0.4547937236726284,0.7062291945020358
