,filtered,samples,coefficient,RMSE,actualMean,actualStDev,predMean,predStDev
0,False,74328,0.2785794997496305,1.634254300624094,0.8932084956686226,1.0225979941609844,0.5486794710159302,1.5448484420776367
1,True,20104,0.6695761894105894,1.959394600921794,0.9546856488206065,1.1108572379094652,1.8082690238952637,2.302605152130127
