,filtered,samples,coefficient,RMSE,actualMean,actualStDev,predMean,predStDev
0,False,57683,0.09108372723967556,1.8682784326829465,0.6635923929060555,1.3298927963778528,0.6099235415458679,1.437809944152832
1,True,5002,0.9289278195417866,0.8129401984332992,1.6693322670931627,1.7970318262625675,1.9995826482772827,1.9995983839035034
