,filtered,samples,coefficient,significance,RMSE,actualMean,actualStDev,predMean,predStDev
0,False,59879,0.08800297711613325,3.024625266982692e-103,1.8574888794934286,0.6653751732660866,1.332096308432065,0.5865522027015686,1.41465425491333
1,True,4982,0.9292280182678906,0.0,0.8103831956482167,1.6716178241670012,1.7987219893383157,1.9993687868118286,1.9993767738342285
