,filtered,samples,coefficient,significance,RMSE,actualMean,actualStDev,predMean,predStDev
0,False,91350,0.3222566908800925,0.0,1.4490039235290735,0.8689319605865176,1.0217268974446543,0.6288416981697083,1.3811396360397339
1,True,26592,0.8525360263577377,0.0,1.3663905671485925,0.9465754248591859,1.1060949982149084,1.8113832473754883,1.8289353847503662
