,filtered,samples,coefficient,significance,RMSE,actualMean,actualStDev,predMean,predStDev
0,False,89901,0.3229060966904381,0.0,1.3850226450455494,0.8602203302579088,1.019290035048645,0.5436262488365173,1.2711719274520874
1,True,26156,0.7955109218068893,0.0,1.2719136845644476,0.9473670933935133,1.1062421728597533,1.589009165763855,1.7499339580535889
