,filtered,samples,coefficient,significance,RMSE,actualMean,actualStDev,predMean,predStDev
0,False,89901,0.32731316311385605,0.0,1.4295961796662469,0.8602203302579088,1.019290035048645,0.6175426244735718,1.361833095550537
1,True,26156,0.8512775398229256,0.0,1.3334910102282824,0.9473670933935133,1.1062421728597533,1.7776074409484863,1.8088767528533936
