,filtered,samples,coefficient,significance,RMSE,actualMean,actualStDev,predMean,predStDev
0,False,59879,0.08800079154875595,3.0600100588272506e-103,1.8575335268709574,0.6653751732660866,1.332096308432065,0.5865787267684937,1.4147166013717651
1,True,4982,0.9293123191854267,0.0,0.8099961548164832,1.6716178241670012,1.7987219893383157,1.9993566274642944,1.9993575811386108
