,filtered,samples,coefficient,significance,RMSE,actualMean,actualStDev,predMean,predStDev
0,False,59879,0.08798672470617636,3.297851319079571e-103,1.8582375817092156,0.6653751732660866,1.332096308432065,0.5869980454444885,1.4157294034957886
1,True,4982,0.9293120532716621,0.0,0.8110789253942131,1.6716178241670012,1.7987219893383157,2.000690221786499,2.000692844390869
