,filtered,samples,coefficient,RMSE,actualMean,actualStDev,predMean,predStDev
0,False,56700,0.03381269652492938,2.1679362266197955,0.9906878306878307,1.4942988846005922,0.9628963470458984,1.621767520904541
1,True,10734,0.9003838833002319,0.8779014620997025,1.4864915222656978,1.6459927362617357,1.8409749269485474,1.8455628156661987
