,filtered,samples,coefficient,significance,RMSE,actualMean,actualStDev,predMean,predStDev
0,False,56700,0.0341979409680234,3.782331984800842e-16,2.174031349236372,0.9906878306878307,1.4942988846005922,0.969531238079071,1.6308636665344238
1,True,10734,0.9031062542281922,0.0,0.8778739228325898,1.4864915222656978,1.6459927362617357,1.8542345762252808,1.8550664186477661
