,participant,filtered,overallWorkloadState,samples,coefficient,significance,RMSE,actualMean,actualStDev,actualMedian,actualMin,actualMax,predMean,predStDev,predMedian,predMin,predMax
0,all,False,ol,44669,-0.009296485842306051,0.04943696688046393,2.434324555187432,0.9502787167834517,1.7023763472165028,0.0,0.0,4.0,1.1101547479629517,1.7169580459594727,0.0,0.0,4.327076435089111
1,all,False,nl,38128,0.0075267717714830595,0.1416485442616641,1.7493008997781492,0.4690516156105749,1.2869331934235784,0.0,0.0,4.0,0.4359753131866455,1.1941088438034058,0.0,0.0,4.326180458068848
2,all,False,ul,54104,0.09400024663185552,1.9643086805172623e-106,0.9871033228136284,0.2458598255212184,0.6567134818450988,0.0,0.0,2.0,0.1916881650686264,0.7992789149284363,0.0,0.0,4.304335594177246
3,all,False,all,136901,0.07731426058231729,1.6493693051456361e-180,1.780696891593493,0.5378631273694129,1.2914432067546133,0.0,0.0,4.0,0.559407651424408,1.3297091722488403,0.0,0.0,4.327076435089111
4,all,True,ol,4131,0.9874934057457443,0.0,0.33668605361614007,2.9590898087630113,1.7550346830552754,4.0,0.0,4.0,2.7783873081207275,1.6687302589416504,3.7456865310668945,0.0,4.327076435089111
5,all,True,nl,1907,0.991944050187955,0.0,0.27830991660326326,1.1767173571054013,1.8226918801345675,0.0,0.0,4.0,1.0799680948257446,1.686416506767273,0.0,0.0,4.326180458068848
6,all,True,ul,2832,0.9812466664185979,0.0,0.6999443652454373,0.577683615819209,0.9064484936566792,0.0,0.0,2.0,0.9214958548545837,1.4735615253448486,0.0,0.0,4.099205017089844
7,all,True,all,8870,0.9681104290191016,0.0,0.47525565759541294,1.8155580608793687,1.896601511349224,1.0,0.0,4.0,1.8203712701797485,1.8452324867248535,0.9293122291564941,0.0,4.327076435089111
