,participant,filtered,samples,coefficient,significance,RMSE,actualMean,actualStDev,predMean,predStDev
0,all,True,295.6666666666667,0.9710378022353446,9.579738472048063e-67,0.4458640725661736,1.824353953841199,1.899263611546911,1.8123333017031351,1.8371641357739767
1,all,False,4709.866666666667,0.07659616918828341,0.008251146798950674,1.760649600236597,0.5199652671667913,1.2737314296937374,0.5560549865166347,1.2952053487300872
