,filtered,samples,coefficient,significance,RMSE,actualMean,actualStDev,predMean,predStDev
0,False,49547,0.03936921684811014,1.844166342132352e-18,2.1808873888584945,1.0143903768139342,1.495364164991004,0.9660530686378479,1.6467267274856567
1,True,9674,0.8954525395561256,0.0,0.9328884342153041,1.47178002894356,1.632343015442604,1.8730299472808838,1.8874328136444092
