,participant,filtered,samples,coefficient,significance,RMSE,actualMean,actualStDev,predMean,predStDev
0,all,True,295.6666666666667,0.9710684296675329,1.0354076300976196e-59,0.4483443546469967,1.824353953841199,1.899263611546911,1.8208871563275655,1.8470609188079834
1,all,False,4709.866666666667,0.07619656913647241,0.008628853226874329,1.7696323125576812,0.5199652671667913,1.2737314296937374,0.5615620831648509,1.3056846658388774
