,participant,filtered,overallWorkloadState,samples,coefficient,significance,RMSE,actualMean,actualStDev,actualMedian,actualMin,actualMax,predMean,predStDev,predMedian,predMin,predMax
0,all,False,ol,44669,-0.009518394108899184,0.04425095228127778,2.438235529419542,0.9502787167834517,1.7023763472165028,0.0,0.0,4.0,1.1131892204284668,1.7217921018600464,0.0,0.0,4.822143077850342
1,all,False,nl,38128,0.007930400775763282,0.12150322397528014,1.7522530091199482,0.4690516156105749,1.2869331934235784,0.0,0.0,4.0,0.43769219517707825,1.1990348100662231,0.0,0.0,4.702666759490967
2,all,False,ul,54104,0.09288230242543544,5.949319095001874e-104,0.9875556932749798,0.2458598255212184,0.6567134818450988,0.0,0.0,2.0,0.1915941685438156,0.7990821003913879,0.0,0.0,4.415205001831055
3,all,False,all,136901,0.07716316511229505,8.244957655536524e-180,1.783348324528831,0.5378631273694129,1.2914432067546133,0.0,0.0,4.0,0.5608387589454651,1.3333083391189575,0.0,0.0,4.822143077850342
4,all,True,ol,4131,0.9869311914936775,0.0,0.3376875799564305,2.9590898087630113,1.7550346830552754,4.0,0.0,4.0,2.784217357635498,1.6731845140457153,3.7825238704681396,0.0,4.822143077850342
5,all,True,nl,1907,0.9921768451572005,0.0,0.26844380807018425,1.1767173571054013,1.8226918801345675,0.0,0.0,4.0,1.087345004081726,1.6975375413894653,0.0,0.0,4.2968902587890625
6,all,True,ul,2832,0.9808429210939458,0.0,0.6903837037758355,0.577683615819209,0.9064484936566792,0.0,0.0,2.0,0.9155551195144653,1.4646644592285156,0.0,0.0,4.193545818328857
7,all,True,all,8870,0.968851155412332,0.0,0.4698709905175089,1.8155580608793687,1.896601511349224,1.0,0.0,4.0,1.8227758407592773,1.848744511604309,0.9964132308959961,0.0,4.822143077850342
