,participant,filtered,overallWorkloadState,samples,coefficient,significance,RMSE,actualMean,actualStDev,actualMedian,actualMin,actualMax,predMean,predStDev,predMedian,predMin,predMax
0,all,False,ol,44669,-0.009814610712012898,0.0380501582589723,2.41949686761167,0.9502787167834517,1.7023763472165028,0.0,0.0,4.0,1.095734715461731,1.6964764595031738,0.0,0.0,6.314616680145264
1,all,False,nl,38128,0.007755830507160654,0.129922639296811,1.7501349679595457,0.4690516156105749,1.2869331934235784,0.0,0.0,4.0,0.4347958564758301,1.1956040859222412,0.0,0.0,7.245320796966553
2,all,False,ul,54104,0.09189870553474863,8.563911681014306e-102,0.9799554558383872,0.2458598255212184,0.6567134818450988,0.0,0.0,2.0,0.18825644254684448,0.7879253029823303,0.0,0.0,6.600959300994873
3,all,False,all,136901,0.07657142829978755,4.36412071374963e-177,1.7727533524767163,0.5378631273694129,1.2914432067546133,0.0,0.0,4.0,0.5530179142951965,1.3172380924224854,0.0,0.0,7.245320796966553
4,all,True,ol,4131,0.9839297326098075,0.0,0.39093037362349103,2.9590898087630113,1.7550346830552754,4.0,0.0,4.0,2.7381749153137207,1.650534749031067,3.7147328853607178,0.0,6.314616680145264
5,all,True,nl,1907,0.9893005616051671,0.0,0.30526382208377395,1.1767173571054013,1.8226918801345675,0.0,0.0,4.0,1.079037070274353,1.6894649267196655,0.0,0.0,6.041881561279297
6,all,True,ul,2832,0.9736846546798398,0.0,0.6781970984726498,0.577683615819209,0.9064484936566792,0.0,0.0,2.0,0.8963541984558105,1.4444894790649414,0.0,0.0,6.005044937133789
7,all,True,all,8870,0.9664220069766487,0.0,0.4879164806799939,1.8155580608793687,1.896601511349224,1.0,0.0,4.0,1.793415904045105,1.8250902891159058,0.8458046913146973,0.0,6.314616680145264
