,filtered,condition,samples,coefficient,significance,RMSE,actualMean,actualStDev,actualMedian,actualMin,actualMax,predMean,predStDev,predMedian,predMin,predMax
0,False,low,23398,0.01380704147372509,0.03468912691722396,2.357994182279212,1.077698948628088,1.6417383678358743,0.0,0.0,4.0,1.0877822637557983,1.7153706550598145,0.0,0.0,4.137692451477051
1,False,high,26143,0.06387903442665409,4.716836871110553e-25,2.009452708498376,0.9579619783498451,1.348570955553681,0.0,0.0,4.0,0.8573269844055176,1.5749536752700806,0.0,0.0,4.204001426696777
2,False,both,49541,0.03932293469345555,2.030411924163465e-18,2.1810194504656515,1.0145132314648473,1.4954130426321883,0.0,0.0,4.0,0.9661700129508972,1.6467921733856201,0.0,0.0,4.204001426696777
3,True,low,4432,0.9243870532593035,0.0,0.7514200053166463,1.6999097472924187,1.80932701626385,2.0,0.0,4.0,1.8984977006912231,1.8935357332229614,2.224240303039551,0.0,4.040289878845215
4,True,high,5242,0.8884475575745587,0.0,1.0624031364177007,1.2789011827546737,1.438172994648349,0.0,0.0,4.0,1.8514976501464844,1.881988763809204,0.0,0.0,4.204001426696777
5,True,both,9674,0.8954525395561256,0.0,0.9328884342153041,1.47178002894356,1.632343015442604,1.0,0.0,4.0,1.8730299472808838,1.8874328136444092,0.9016313552856445,0.0,4.204001426696777
