,filtered,samples,coefficient,significance,RMSE,actualMean,actualStDev,predMean,predStDev
0,False,50400,0.04080138757986242,5.025142405600456e-20,2.1958054785625976,1.0090873015873016,1.490631045233311,0.9830186367034912,1.6740773916244507
1,True,9862,0.8989289933835368,0.0,0.9517299727236438,1.4652200365037518,1.6261766397444204,1.9042726755142212,1.915118932723999
