,filtered,samples,coefficient,significance,RMSE,actualMean,actualStDev,predMean,predStDev
0,False,49547,0.03931063561365866,2.070597835611684e-18,2.169428895252201,1.0143903768139342,1.495364164991004,0.9576466679573059,1.6305800676345825
1,True,9674,0.8953407892172707,0.0,0.9185997098608615,1.47178002894356,1.632343015442604,1.8583914041519165,1.8686949014663696
