,filtered,samples,coefficient,RMSE,actualMean,actualStDev,predMean,predStDev
0,False,56700,0.03421401848529993,2.2841578214983174,0.9906878306878307,1.4942988846005922,1.0539554357528687,1.7782793045043945
1,True,10734,0.9024887761270967,1.033193408233386,1.4864915222656978,1.6459927362617357,2.0119550228118896,2.0228588581085205
