,participant,filtered,overallWorkloadState,samples,coefficient,significance,RMSE,actualMean,actualStDev,actualMedian,actualMin,actualMax,predMean,predStDev,predMedian,predMin,predMax
0,all,True,ol,4157.0,0.9858697678877893,1.5498533672289028e-27,0.3742429560988406,2.9385208974681474,1.758334699990826,4.0,0.0,4.0,2.711795783042908,1.6452482422192891,3.676712187131246,0.0,4.1079903443654375
1,all,True,nl,1756.0,0.9925099182788644,3.7715222475775076e-26,0.2661148524666792,1.1517758832001372,1.7286293864875864,0.14285714285714285,0.0,4.0,1.052786034132753,1.583435514143535,0.11256722041538783,0.0,3.984600467341287
2,all,True,ul,2807.0,0.9827418736268563,2.1399365644141892e-23,0.6162659786114686,0.5622924882047767,0.872154783740295,0.0,0.0,2.0,0.863355616107583,1.3648058250546455,0.0,0.0,3.782545796462468
3,all,True,all,8870.0,0.9690215247086258,4.4939821149089154e-64,0.4588339005116188,1.8243539538411988,1.899263611546911,1.0666666666666667,0.0,4.0,1.7913535316785176,1.8184910853703817,1.1589037120342254,0.0,4.116020123163859
4,all,False,ol,44669.0,-0.009703453894352069,0.36783590491674717,2.4130287769013656,0.9525251565242357,1.703133137293391,0.0,0.0,4.0,1.0868231336275735,1.660263752937317,0.0,0.0,4.154536151885987
5,all,False,nl,38128.0,0.007431215457573198,0.21289057961250915,1.742107607279523,0.4697538116002079,1.2871762302362042,0.0,0.0,4.0,0.4445600574215253,1.1467900594075522,0.0,0.0,4.196322607994079
6,all,False,ul,54104.0,0.09342373221488051,0.08038829153494778,0.952458622127275,0.2382833318755164,0.640454792313313,0.0,0.0,2.0,0.18741265758872033,0.7352991203467051,0.0,0.0,4.140531651178995
7,all,False,all,136901.0,0.07610067519403138,0.01201367314465831,1.7681464841590615,0.5366232324858534,1.290660750107357,0.0,0.0,4.0,0.5551218400398891,1.2889249265193938,0.0,0.0,4.26253080368042
