,participant,filtered,overallWorkloadState,samples,coefficient,significance,RMSE,actualMean,actualStDev,actualMedian,actualMin,actualMax,predMean,predStDev,predMedian,predMin,predMax
0,all,True,ol,26901.0,0.9954127421405654,0.0,0.13215172473254344,0.45931088143134474,1.254068002860776,0.0,0.0,4.0,0.431120998164018,1.1794624944527945,0.0,0.0,4.011662300427755
1,all,True,nl,28187.0,0.9954220407965274,0.0,0.06082820582794134,0.08749334372885983,0.5305941315142529,0.0,0.0,4.0,0.08111615108126509,0.4902890526822635,0.0,0.0,3.891700974532536
2,all,True,ul,44172.0,0.9890558820145554,0.0,0.15788864864368218,0.03704159287090476,0.25636764801975676,0.0,0.0,2.0,0.05810662211401255,0.4044082686305046,0.0,0.0,3.761790156364441
3,all,True,all,103213.0,0.9839084733842077,0.0,0.1313317291731784,0.15784654062005027,0.7443642380552199,0.0,0.0,4.0,0.15785593986511232,0.7307297637065252,0.0,0.0,4.0153590679168705
4,all,False,ol,44669.0,-0.009790109335549961,0.3730144487739136,2.429792916204092,0.9525251565242357,1.703133137293391,0.0,0.0,4.0,1.1019902090231577,1.6815342505772908,0.0,0.0,4.028719083468119
5,all,False,nl,38128.0,0.007311384569828591,0.2205934980757121,1.7439402642795485,0.4697538116002079,1.2871762302362042,0.0,0.0,4.0,0.4463460698723793,1.1517166554927827,0.0,0.0,4.040716242790222
6,all,False,ul,54104.0,0.09276562683750181,0.08182366766310203,0.9573603434785151,0.2382833318755164,0.640454792313313,0.0,0.0,2.0,0.18906164541840553,0.7412742267052332,0.0,0.0,3.9748492081960043
7,all,False,all,136901.0,0.07613924005045278,0.012023642154049424,1.7769791723409591,0.5366232324858534,1.290660750107357,0.0,0.0,4.0,0.5611388340592385,1.3021018544832865,0.0,0.0,4.057014115651449
