,participant,filtered,samples,coefficient,significance,RMSE,actualMean,actualStDev,predMean,predStDev
0,all,True,295.6666666666667,0.9705185389676528,1.1117981514323918e-62,0.45573655454033274,1.824353953841199,1.899263611546911,1.8089612285296122,1.836433215936025
1,all,False,4709.866666666667,0.07626387418675741,0.010280238118361719,1.7629870060570565,0.5199652671667913,1.2737314296937374,0.5570731470982234,1.2971105913321177
