,participant,filtered,samples,coefficient,significance,RMSE,actualMean,actualStDev,predMean,predStDev
0,all,True,295.6666666666667,0.9690215247086255,4.4939821149089154e-64,0.45883390051161893,1.824353953841199,1.899263611546911,1.7913535316785176,1.8184910853703817
1,all,False,4709.866666666667,0.07618513458846995,0.009183869119315556,1.754267938617718,0.5199652671667913,1.2737314296937374,0.5515025635560353,1.2842908640702566
