,participant,filtered,overallWorkloadState,samples,coefficient,significance,RMSE,actualMean,actualStDev,actualMedian,actualMin,actualMax,predMean,predStDev,predMedian,predMin,predMax
0,all,True,ol,4157.0,0.9872063500434716,3.08557575156492e-34,0.3465702133272794,2.9385208974681474,1.758334699990826,4.0,0.0,4.0,2.737844228744507,1.6575539390246072,3.746276768048604,0.0,3.9797683477401735
1,all,True,nl,1756.0,0.994264762613316,7.927477180261027e-31,0.23986797739470125,1.1517758832001372,1.7286293864875864,0.14285714285714285,0.0,4.0,1.0553577366684164,1.5847382141011102,0.1177690965788705,0.0,3.876076332160405
2,all,True,ul,2807.0,0.9849585028734161,1.103498758243318e-22,0.5965089834245197,0.5622924882047767,0.872154783740295,0.0,0.0,2.0,0.856302658229002,1.35060031073434,0.0,0.0,3.7147942781448364
3,all,True,all,8870.0,0.9723317986564007,1.455139669416913e-73,0.43433726326986566,1.8243539538411988,1.899263611546911,1.0666666666666667,0.0,4.0,1.8002905567487082,1.8268970211346944,1.1793163279692331,0.0,3.9820149183273315
4,all,False,ol,44669.0,-0.009493395923783336,0.3760955620536421,2.421777968170835,0.9525251565242357,1.703133137293391,0.0,0.0,4.0,1.095132941007614,1.6727248748143515,0.0,0.0,4.000823799769083
5,all,False,nl,38128.0,0.007251936377061268,0.21134037098800004,1.7420675764208207,0.4697538116002079,1.2871762302362042,0.0,0.0,4.0,0.4452373752991358,1.148923510313034,0.0,0.0,4.031598424911499
6,all,False,ul,54104.0,0.0911959707402006,0.08228626244397196,0.9533043703469583,0.2382833318755164,0.640454792313313,0.0,0.0,2.0,0.18737751767039298,0.7356583873430887,0.0,0.0,3.9973485549290975
7,all,False,all,136901.0,0.07610249452170016,0.011472376803783928,1.7718595044219334,0.5366232324858534,1.290660750107357,0.0,0.0,4.0,0.5578111678361892,1.295265797773997,0.0,0.0,4.062905478477478
