,participant,filtered,overallWorkloadState,samples,coefficient,significance,RMSE,actualMean,actualStDev,predMean,predStDev
0,all,True,ol,138.56666666666666,0.9881026644850548,8.740918892648647e-32,0.32771578250224737,2.9385208974681474,1.758334699990826,2.7533880631128946,1.665932583808899
1,all,True,nl,61.7,0.9941351392887918,1.0736865543755118e-32,0.2172809686171389,1.0749908243201283,1.613387427388414,0.990902071694533,1.4908078591028848
2,all,True,ul,95.4,0.9861240438293383,2.8846995723318254e-22,0.5978017685598641,0.5248063223244583,0.814011131490942,0.8235401266564926,1.2975245863199234
3,all,True,all,295.6666666666667,0.9708072906845204,7.503374366882711e-57,0.44449645234834156,1.8243539538411988,1.899263611546911,1.8185905377070108,1.8419713616371154
4,all,False,ol,1488.9666666666667,-0.009467929515368996,0.37947185166718117,2.430296575187116,0.9525251565242357,1.703133137293391,1.1032094677289328,1.6823118607203165
5,all,False,nl,1270.9333333333334,0.00721471993585571,0.21115296523658472,1.746204102544572,0.4697538116002079,1.2871762302362042,0.4471967955430349,1.1562881231307984
6,all,False,ul,1803.4666666666667,0.09392713861432071,0.07871805702266006,0.9602355336361336,0.2382833318755164,0.640454792313313,0.1906155566374461,0.7463543067375819
7,all,False,all,4563.366666666667,0.07634909061224474,0.010470842238987728,1.778533903243131,0.5366232324858534,1.290660750107357,0.5624424194296201,1.3047329465548196
