,filtered,samples,coefficient,significance,RMSE,actualMean,actualStDev,predMean,predStDev
0,False,56700,0.034682247830053387,1.4475128382345582e-16,2.2250621159129986,0.9906878306878307,1.4942988846005922,1.0094873905181885,1.701160192489624
1,True,10734,0.9035436059996057,0.0,0.9464115359870535,1.4864915222656978,1.6459927362617357,1.9302259683609009,1.9359403848648071
