,participant,filtered,samples,coefficient,significance,RMSE,actualMean,actualStDev,predMean,predStDev
0,all,True,295.6666666666667,0.9708072906845203,7.503374366882711e-57,0.44449645234834156,1.824353953841199,1.899263611546911,1.8185905377070108,1.8419713616371154
1,all,False,4709.866666666667,0.07637989851806923,0.008223208933354136,1.7647074564501994,0.5199652671667913,1.2737314296937374,0.5587061191598575,1.300202206770579
