,participant,filtered,samples,coefficient,significance,RMSE,actualMean,actualStDev,predMean,predStDev
0,all,True,295.6666666666667,0.9705667121251995,2.1178090403763146e-61,0.45579046083369434,1.824353953841199,1.899263611546911,1.806424343585968,1.831901768843333
1,all,False,4709.866666666667,0.07630165493788885,0.008752226491741122,1.7629969715504896,0.5199652671667913,1.2737314296937374,0.5573023607333502,1.2950637976328532
