,participant,filtered,samples,coefficient,significance,RMSE,actualMean,actualStDev,predMean,predStDev
0,all,True,295.6666666666667,0.9702376326329334,2.2762048046567508e-65,0.45699891103812146,1.824353953841199,1.899263611546911,1.8096737265586853,1.8334012866020202
1,all,False,4709.866666666667,0.07659513063553294,0.007962921713989869,1.756564903437046,0.5199652671667913,1.2737314296937374,0.55311970859766,1.2909315764904021
