,participant,filtered,samples,coefficient,significance,RMSE,actualMean,actualStDev,predMean,predStDev
0,all,True,295.6666666666667,0.9709533722561902,1.5186881107689309e-64,0.4476926511572472,1.824353953841199,1.899263611546911,1.8157853404680888,1.838277026017507
1,all,False,4709.866666666667,0.07670712803278835,0.008457807706472626,1.7621640187296694,0.5199652671667913,1.2737314296937374,0.5575147266189258,1.296789538860321
