,filtered,samples,coefficient,significance,RMSE,actualMean,actualStDev,predMean,predStDev
0,False,56700,0.03415125601730336,4.1463663095226337e-16,2.168803034153631,0.9906878306878307,1.4942988846005922,0.9641731381416321,1.6235074996948242
1,True,10734,0.9015156321390891,0.0,0.8761984573243701,1.4864915222656978,1.6459927362617357,1.8440817594528198,1.8478730916976929
