,filtered,samples,coefficient,significance,RMSE,actualMean,actualStDev,predMean,predStDev
0,False,50400,0.04054925522150008,8.484394159498157e-20,2.155081720393398,1.0090873015873016,1.490631045233311,0.9517551064491272,1.6169666051864624
1,True,9862,0.8997958624569203,0.0,0.8921035479530062,1.4652200365037518,1.6261766397444204,1.8447253704071045,1.8484636545181274
