,filtered,samples,coefficient,significance,RMSE,actualMean,actualStDev,predMean,predStDev
0,False,49547,0.039271489560276894,2.2369910554128886e-18,2.157764571234679,1.0143903768139342,1.495364164991004,0.9488325119018555,1.614033818244934
1,True,9674,0.8963242466164676,0.0,0.8995387443468769,1.47178002894356,1.632343015442604,1.841099739074707,1.8490049839019775
